LOCATION,INDICATOR,SUBJECT,MEASURE,FREQUENCY,TIME,Value,Flag Codes
AUS,TRADEGOODSERV,EXP,MLN_USD,A,2017,263597.51,
AUS,TRADEGOODSERV,EXP,MLN_USD,A,2018,274057.476,
AUS,TRADEGOODSERV,EXP,MLN_USD,A,2019,269286.045,
AUS,TRADEGOODSERV,EXP,MLN_USD,A,2020,246693.446,
AUT,TRADEGOODSERV,EXP,MLN_USD,A,2017,219073.531,
AUT,TRADEGOODSERV,EXP,MLN_USD,A,2018,230330.793,
AUT,TRADEGOODSERV,EXP,MLN_USD,A,2019,238201.311,
AUT,TRADEGOODSERV,EXP,MLN_USD,A,2020,212572.817,
AUT,TRADEGOODSERV,EXP,MLN_USD,A,2021,239551.4,
BEL,TRADEGOODSERV,EXP,MLN_USD,A,2017,402931.811,
BEL,TRADEGOODSERV,EXP,MLN_USD,A,2018,405350.771,
BEL,TRADEGOODSERV,EXP,MLN_USD,A,2019,413398.068,
BEL,TRADEGOODSERV,EXP,MLN_USD,A,2020,390830.576,P
BEL,TRADEGOODSERV,EXP,MLN_USD,A,2021,427138.83,P
CAN,TRADEGOODSERV,EXP,MLN_USD,A,2017,509985.63,
CAN,TRADEGOODSERV,EXP,MLN_USD,A,2018,528770.53,
CAN,TRADEGOODSERV,EXP,MLN_USD,A,2019,535553.222,
CAN,TRADEGOODSERV,EXP,MLN_USD,A,2020,488999.271,
CAN,TRADEGOODSERV,EXP,MLN_USD,A,2021,495677.037,
CZE,TRADEGOODSERV,EXP,MLN_USD,A,2017,169432.227,
CZE,TRADEGOODSERV,EXP,MLN_USD,A,2018,175712.872,
CZE,TRADEGOODSERV,EXP,MLN_USD,A,2019,178311.784,
CZE,TRADEGOODSERV,EXP,MLN_USD,A,2020,165969.49,
CZE,TRADEGOODSERV,EXP,MLN_USD,A,2021,174466.914,
DNK,TRADEGOODSERV,EXP,MLN_USD,A,2017,183038.446,
DNK,TRADEGOODSERV,EXP,MLN_USD,A,2018,189174.765,
DNK,TRADEGOODSERV,EXP,MLN_USD,A,2019,198687.532,
DNK,TRADEGOODSERV,EXP,MLN_USD,A,2020,184766.053,
DNK,TRADEGOODSERV,EXP,MLN_USD,A,2021,198669.968,
FIN,TRADEGOODSERV,EXP,MLN_USD,A,2017,93885.871,
FIN,TRADEGOODSERV,EXP,MLN_USD,A,2018,95297.172,
FIN,TRADEGOODSERV,EXP,MLN_USD,A,2019,101658.009,
FIN,TRADEGOODSERV,EXP,MLN_USD,A,2020,94061.174,
FIN,TRADEGOODSERV,EXP,MLN_USD,A,2021,98441.531,
FRA,TRADEGOODSERV,EXP,MLN_USD,A,2017,792772.718,
FRA,TRADEGOODSERV,EXP,MLN_USD,A,2018,828661.421,
FRA,TRADEGOODSERV,EXP,MLN_USD,A,2019,842075.241,P
FRA,TRADEGOODSERV,EXP,MLN_USD,A,2020,708882.957,P
FRA,TRADEGOODSERV,EXP,MLN_USD,A,2021,774868.618,
DEU,TRADEGOODSERV,EXP,MLN_USD,A,2017,1693401.772,
DEU,TRADEGOODSERV,EXP,MLN_USD,A,2018,1732156.713,P
DEU,TRADEGOODSERV,EXP,MLN_USD,A,2019,1751376.638,P
DEU,TRADEGOODSERV,EXP,MLN_USD,A,2020,1588164.785,P
DEU,TRADEGOODSERV,EXP,MLN_USD,A,2021,1745862.725,P
GRC,TRADEGOODSERV,EXP,MLN_USD,A,2017,67935.678,
GRC,TRADEGOODSERV,EXP,MLN_USD,A,2018,74129.805,
GRC,TRADEGOODSERV,EXP,MLN_USD,A,2019,77751.365,P
GRC,TRADEGOODSERV,EXP,MLN_USD,A,2020,60999.546,P
GRC,TRADEGOODSERV,EXP,MLN_USD,A,2021,74381.912,P
HUN,TRADEGOODSERV,EXP,MLN_USD,A,2017,121092.809,
HUN,TRADEGOODSERV,EXP,MLN_USD,A,2018,127128.759,
HUN,TRADEGOODSERV,EXP,MLN_USD,A,2019,134022.557,
HUN,TRADEGOODSERV,EXP,MLN_USD,A,2020,126070.361,P
HUN,TRADEGOODSERV,EXP,MLN_USD,A,2021,138862.112,P
ISL,TRADEGOODSERV,EXP,MLN_USD,A,2017,10548.746,
ISL,TRADEGOODSERV,EXP,MLN_USD,A,2018,10726.343,
ISL,TRADEGOODSERV,EXP,MLN_USD,A,2019,10225.515,
ISL,TRADEGOODSERV,EXP,MLN_USD,A,2020,7138.35,
IRL,TRADEGOODSERV,EXP,MLN_USD,A,2017,407828.787,
IRL,TRADEGOODSERV,EXP,MLN_USD,A,2018,454928.796,
IRL,TRADEGOODSERV,EXP,MLN_USD,A,2019,502338.111,
IRL,TRADEGOODSERV,EXP,MLN_USD,A,2020,550048.098,
IRL,TRADEGOODSERV,EXP,MLN_USD,A,2021,641415.118,
ITA,TRADEGOODSERV,EXP,MLN_USD,A,2017,586180.624,
ITA,TRADEGOODSERV,EXP,MLN_USD,A,2018,598736.538,
ITA,TRADEGOODSERV,EXP,MLN_USD,A,2019,608158.077,
ITA,TRADEGOODSERV,EXP,MLN_USD,A,2020,526507.803,
ITA,TRADEGOODSERV,EXP,MLN_USD,A,2021,596493.546,
JPN,TRADEGOODSERV,EXP,MLN_USD,A,2017,839725.872,
JPN,TRADEGOODSERV,EXP,MLN_USD,A,2018,871296.203,
JPN,TRADEGOODSERV,EXP,MLN_USD,A,2019,858588.43,
JPN,TRADEGOODSERV,EXP,MLN_USD,A,2020,757260.835,
KOR,TRADEGOODSERV,EXP,MLN_USD,A,2017,661197.973,
KOR,TRADEGOODSERV,EXP,MLN_USD,A,2018,687486.787,
KOR,TRADEGOODSERV,EXP,MLN_USD,A,2019,689125.317,
KOR,TRADEGOODSERV,EXP,MLN_USD,A,2020,676434.775,P
LUX,TRADEGOODSERV,EXP,MLN_USD,A,2017,121081.081,
LUX,TRADEGOODSERV,EXP,MLN_USD,A,2018,125418.67,
LUX,TRADEGOODSERV,EXP,MLN_USD,A,2019,132682.367,
LUX,TRADEGOODSERV,EXP,MLN_USD,A,2020,134344.311,
LUX,TRADEGOODSERV,EXP,MLN_USD,A,2021,147432.01,
MEX,TRADEGOODSERV,EXP,MLN_USD,A,2017,436522.74,
MEX,TRADEGOODSERV,EXP,MLN_USD,A,2018,462730.193,
MEX,TRADEGOODSERV,EXP,MLN_USD,A,2019,469527.68,P
MEX,TRADEGOODSERV,EXP,MLN_USD,A,2020,435288.462,P
NLD,TRADEGOODSERV,EXP,MLN_USD,A,2017,685188.419,
NLD,TRADEGOODSERV,EXP,MLN_USD,A,2018,714859.921,
NLD,TRADEGOODSERV,EXP,MLN_USD,A,2019,729013.393,
NLD,TRADEGOODSERV,EXP,MLN_USD,A,2020,693798.808,P
NLD,TRADEGOODSERV,EXP,MLN_USD,A,2021,742274.631,P
NZL,TRADEGOODSERV,EXP,MLN_USD,A,2017,52167.176,
NZL,TRADEGOODSERV,EXP,MLN_USD,A,2018,53645.023,P
NZL,TRADEGOODSERV,EXP,MLN_USD,A,2019,53511.744,E
NZL,TRADEGOODSERV,EXP,MLN_USD,A,2020,44076.942,E
NOR,TRADEGOODSERV,EXP,MLN_USD,A,2017,149899.184,
NOR,TRADEGOODSERV,EXP,MLN_USD,A,2018,148064.772,
NOR,TRADEGOODSERV,EXP,MLN_USD,A,2019,149749.261,
NOR,TRADEGOODSERV,EXP,MLN_USD,A,2020,147915.098,
NOR,TRADEGOODSERV,EXP,MLN_USD,A,2021,154960.959,
POL,TRADEGOODSERV,EXP,MLN_USD,A,2017,280973.604,
POL,TRADEGOODSERV,EXP,MLN_USD,A,2018,300499.005,
POL,TRADEGOODSERV,EXP,MLN_USD,A,2019,316100.544,
POL,TRADEGOODSERV,EXP,MLN_USD,A,2020,316520.493,
POL,TRADEGOODSERV,EXP,MLN_USD,A,2021,354407.481,
PRT,TRADEGOODSERV,EXP,MLN_USD,A,2017,91681.08,
PRT,TRADEGOODSERV,EXP,MLN_USD,A,2018,95470.644,
PRT,TRADEGOODSERV,EXP,MLN_USD,A,2019,99361.347,
PRT,TRADEGOODSERV,EXP,MLN_USD,A,2020,80843.933,P
PRT,TRADEGOODSERV,EXP,MLN_USD,A,2021,91412.793,P
SVK,TRADEGOODSERV,EXP,MLN_USD,A,2017,88679.615,
SVK,TRADEGOODSERV,EXP,MLN_USD,A,2018,93199.241,
SVK,TRADEGOODSERV,EXP,MLN_USD,A,2019,93939.933,
SVK,TRADEGOODSERV,EXP,MLN_USD,A,2020,87102.336,
SVK,TRADEGOODSERV,EXP,MLN_USD,A,2021,96013.907,
ESP,TRADEGOODSERV,EXP,MLN_USD,A,2017,446980.582,
ESP,TRADEGOODSERV,EXP,MLN_USD,A,2018,454702.792,
ESP,TRADEGOODSERV,EXP,MLN_USD,A,2019,465943.267,P
ESP,TRADEGOODSERV,EXP,MLN_USD,A,2020,372069.6,P
ESP,TRADEGOODSERV,EXP,MLN_USD,A,2021,422087.551,P
SWE,TRADEGOODSERV,EXP,MLN_USD,A,2017,235725.61,
SWE,TRADEGOODSERV,EXP,MLN_USD,A,2018,245736.824,
SWE,TRADEGOODSERV,EXP,MLN_USD,A,2019,260417.125,
SWE,TRADEGOODSERV,EXP,MLN_USD,A,2020,248462.306,
SWE,TRADEGOODSERV,EXP,MLN_USD,A,2021,267062.064,
CHE,TRADEGOODSERV,EXP,MLN_USD,A,2017,465088.782,
CHE,TRADEGOODSERV,EXP,MLN_USD,A,2018,480588.813,
CHE,TRADEGOODSERV,EXP,MLN_USD,A,2019,476830.784,
CHE,TRADEGOODSERV,EXP,MLN_USD,A,2020,448200.091,
CHE,TRADEGOODSERV,EXP,MLN_USD,A,2021,504417.718,
TUR,TRADEGOODSERV,EXP,MLN_USD,A,2017,234186.746,
TUR,TRADEGOODSERV,EXP,MLN_USD,A,2018,254827.225,
TUR,TRADEGOODSERV,EXP,MLN_USD,A,2019,266450.325,
TUR,TRADEGOODSERV,EXP,MLN_USD,A,2020,227026.899,
TUR,TRADEGOODSERV,EXP,MLN_USD,A,2021,283494.904,P
GBR,TRADEGOODSERV,EXP,MLN_USD,A,2017,877555.053,
GBR,TRADEGOODSERV,EXP,MLN_USD,A,2018,901922.583,
GBR,TRADEGOODSERV,EXP,MLN_USD,A,2019,932213.351,
GBR,TRADEGOODSERV,EXP,MLN_USD,A,2020,802302.072,
GBR,TRADEGOODSERV,EXP,MLN_USD,A,2021,793283.232,
USA,TRADEGOODSERV,EXP,MLN_USD,A,2017,2370733.452,
USA,TRADEGOODSERV,EXP,MLN_USD,A,2018,2437377.218,
USA,TRADEGOODSERV,EXP,MLN_USD,A,2019,2435788.304,
USA,TRADEGOODSERV,EXP,MLN_USD,A,2020,2105426.848,
ARG,TRADEGOODSERV,EXP,MLN_USD,A,2017,74613.962,
ARG,TRADEGOODSERV,EXP,MLN_USD,A,2018,74981.965,
ARG,TRADEGOODSERV,EXP,MLN_USD,A,2019,81723.552,
ARG,TRADEGOODSERV,EXP,MLN_USD,A,2020,67239.025,
BRA,TRADEGOODSERV,EXP,MLN_USD,A,2017,246006.366,
BRA,TRADEGOODSERV,EXP,MLN_USD,A,2018,255977.21,
BRA,TRADEGOODSERV,EXP,MLN_USD,A,2019,249420.556,
CHL,TRADEGOODSERV,EXP,MLN_USD,A,2017,70922.345,
CHL,TRADEGOODSERV,EXP,MLN_USD,A,2018,74657.484,
CHL,TRADEGOODSERV,EXP,MLN_USD,A,2019,72710.617,
CHL,TRADEGOODSERV,EXP,MLN_USD,A,2020,71970.239,
COL,TRADEGOODSERV,EXP,MLN_USD,A,2017,47012.254,
COL,TRADEGOODSERV,EXP,MLN_USD,A,2018,47314.237,
COL,TRADEGOODSERV,EXP,MLN_USD,A,2019,48767.254,P
COL,TRADEGOODSERV,EXP,MLN_USD,A,2020,39836.815,E
EST,TRADEGOODSERV,EXP,MLN_USD,A,2017,19478.21,
EST,TRADEGOODSERV,EXP,MLN_USD,A,2018,20234.197,
EST,TRADEGOODSERV,EXP,MLN_USD,A,2019,21545.45,
EST,TRADEGOODSERV,EXP,MLN_USD,A,2020,20472.944,
EST,TRADEGOODSERV,EXP,MLN_USD,A,2021,24533.041,
IDN,TRADEGOODSERV,EXP,MLN_USD,A,2017,195071.579,
IDN,TRADEGOODSERV,EXP,MLN_USD,A,2018,207778.83,
IDN,TRADEGOODSERV,EXP,MLN_USD,A,2019,206787.676,
IDN,TRADEGOODSERV,EXP,MLN_USD,A,2020,189956.054,P
IDN,TRADEGOODSERV,EXP,MLN_USD,A,2021,235613.062,P
ISR,TRADEGOODSERV,EXP,MLN_USD,A,2017,101455.688,
ISR,TRADEGOODSERV,EXP,MLN_USD,A,2018,106617.642,
ISR,TRADEGOODSERV,EXP,MLN_USD,A,2019,110794.516,
ISR,TRADEGOODSERV,EXP,MLN_USD,A,2020,108697.464,
ISR,TRADEGOODSERV,EXP,MLN_USD,A,2021,123438.688,
LVA,TRADEGOODSERV,EXP,MLN_USD,A,2017,18163.049,
LVA,TRADEGOODSERV,EXP,MLN_USD,A,2018,18973.818,
LVA,TRADEGOODSERV,EXP,MLN_USD,A,2019,19370.652,
LVA,TRADEGOODSERV,EXP,MLN_USD,A,2020,18953.538,
LVA,TRADEGOODSERV,EXP,MLN_USD,A,2021,20124.318,
LTU,TRADEGOODSERV,EXP,MLN_USD,A,2017,33945.709,
LTU,TRADEGOODSERV,EXP,MLN_USD,A,2018,36256.039,
LTU,TRADEGOODSERV,EXP,MLN_USD,A,2019,39855.474,
LTU,TRADEGOODSERV,EXP,MLN_USD,A,2020,40028.463,
LTU,TRADEGOODSERV,EXP,MLN_USD,A,2021,45672.695,
RUS,TRADEGOODSERV,EXP,MLN_USD,A,2017,424010.361,
RUS,TRADEGOODSERV,EXP,MLN_USD,A,2018,447560.373,
RUS,TRADEGOODSERV,EXP,MLN_USD,A,2019,450765.86,
SVN,TRADEGOODSERV,EXP,MLN_USD,A,2017,39215.5,
SVN,TRADEGOODSERV,EXP,MLN_USD,A,2018,41629.426,
SVN,TRADEGOODSERV,EXP,MLN_USD,A,2019,43509.755,
SVN,TRADEGOODSERV,EXP,MLN_USD,A,2020,39740.635,
SVN,TRADEGOODSERV,EXP,MLN_USD,A,2021,44985.222,
ZAF,TRADEGOODSERV,EXP,MLN_USD,A,2017,95347.117,
ZAF,TRADEGOODSERV,EXP,MLN_USD,A,2018,97862.014,
ZAF,TRADEGOODSERV,EXP,MLN_USD,A,2019,95404.657,
ZAF,TRADEGOODSERV,EXP,MLN_USD,A,2020,85597.41,
OECD,TRADEGOODSERV,EXP,MLN_USD,A,2017,13910145.21,
OECD,TRADEGOODSERV,EXP,MLN_USD,A,2018,14419969.47,P
OECD,TRADEGOODSERV,EXP,MLN_USD,A,2019,14666245.81,E
OECD,TRADEGOODSERV,EXP,MLN_USD,A,2020,13284052.55,E
OECDE,TRADEGOODSERV,EXP,MLN_USD,A,2017,8535656.806,
OECDE,TRADEGOODSERV,EXP,MLN_USD,A,2018,8853503.069,P
OECDE,TRADEGOODSERV,EXP,MLN_USD,A,2019,9100263.349,P
OECDE,TRADEGOODSERV,EXP,MLN_USD,A,2020,8293740.762,P
EA19,TRADEGOODSERV,EXP,MLN_USD,A,2017,5844580.612,
EA19,TRADEGOODSERV,EXP,MLN_USD,A,2018,6056283.167,
EA19,TRADEGOODSERV,EXP,MLN_USD,A,2019,6217750.908,
EA19,TRADEGOODSERV,EXP,MLN_USD,A,2020,5654065.106,
EA19,TRADEGOODSERV,EXP,MLN_USD,A,2021,6269886,
AUS,TRADEGOODSERV,IMP,MLN_USD,A,2017,302089.243,
AUS,TRADEGOODSERV,IMP,MLN_USD,A,2018,302699.196,
AUS,TRADEGOODSERV,IMP,MLN_USD,A,2019,279492.138,
AUS,TRADEGOODSERV,IMP,MLN_USD,A,2020,271442.447,
AUT,TRADEGOODSERV,IMP,MLN_USD,A,2017,205818.68,
AUT,TRADEGOODSERV,IMP,MLN_USD,A,2018,216810.813,
AUT,TRADEGOODSERV,IMP,MLN_USD,A,2019,221101.477,
AUT,TRADEGOODSERV,IMP,MLN_USD,A,2020,200369.807,
AUT,TRADEGOODSERV,IMP,MLN_USD,A,2021,229395.729,
BEL,TRADEGOODSERV,IMP,MLN_USD,A,2017,399287.505,
BEL,TRADEGOODSERV,IMP,MLN_USD,A,2018,404786.695,
BEL,TRADEGOODSERV,IMP,MLN_USD,A,2019,411461.524,
BEL,TRADEGOODSERV,IMP,MLN_USD,A,2020,387002.978,P
BEL,TRADEGOODSERV,IMP,MLN_USD,A,2021,420211.808,P
CAN,TRADEGOODSERV,IMP,MLN_USD,A,2017,559114.254,
CAN,TRADEGOODSERV,IMP,MLN_USD,A,2018,577862.88,
CAN,TRADEGOODSERV,IMP,MLN_USD,A,2019,579926.118,
CAN,TRADEGOODSERV,IMP,MLN_USD,A,2020,516956.392,
CAN,TRADEGOODSERV,IMP,MLN_USD,A,2021,555314.49,
CZE,TRADEGOODSERV,IMP,MLN_USD,A,2017,153292.789,
CZE,TRADEGOODSERV,IMP,MLN_USD,A,2018,162158.484,
CZE,TRADEGOODSERV,IMP,MLN_USD,A,2019,164664.099,
CZE,TRADEGOODSERV,IMP,MLN_USD,A,2020,153370.192,
CZE,TRADEGOODSERV,IMP,MLN_USD,A,2021,171059.79,
DNK,TRADEGOODSERV,IMP,MLN_USD,A,2017,158963.184,
DNK,TRADEGOODSERV,IMP,MLN_USD,A,2018,167058.367,
DNK,TRADEGOODSERV,IMP,MLN_USD,A,2019,171996.795,
DNK,TRADEGOODSERV,IMP,MLN_USD,A,2020,164979.779,
DNK,TRADEGOODSERV,IMP,MLN_USD,A,2021,177995.425,
FIN,TRADEGOODSERV,IMP,MLN_USD,A,2017,93050.408,
FIN,TRADEGOODSERV,IMP,MLN_USD,A,2018,98382.727,
FIN,TRADEGOODSERV,IMP,MLN_USD,A,2019,100707.157,
FIN,TRADEGOODSERV,IMP,MLN_USD,A,2020,94016.794,
FIN,TRADEGOODSERV,IMP,MLN_USD,A,2021,99034.011,
FRA,TRADEGOODSERV,IMP,MLN_USD,A,2017,817388.014,
FRA,TRADEGOODSERV,IMP,MLN_USD,A,2018,842556.667,
FRA,TRADEGOODSERV,IMP,MLN_USD,A,2019,862308.897,P
FRA,TRADEGOODSERV,IMP,MLN_USD,A,2020,759989.529,P
FRA,TRADEGOODSERV,IMP,MLN_USD,A,2021,820772.872,
DEU,TRADEGOODSERV,IMP,MLN_USD,A,2017,1451765.408,
DEU,TRADEGOODSERV,IMP,MLN_USD,A,2018,1507881.852,P
DEU,TRADEGOODSERV,IMP,MLN_USD,A,2019,1551454.62,P
DEU,TRADEGOODSERV,IMP,MLN_USD,A,2020,1418227.585,P
DEU,TRADEGOODSERV,IMP,MLN_USD,A,2021,1549474.04,P
GRC,TRADEGOODSERV,IMP,MLN_USD,A,2017,71155.343,
GRC,TRADEGOODSERV,IMP,MLN_USD,A,2018,76918.531,
GRC,TRADEGOODSERV,IMP,MLN_USD,A,2019,79266.041,P
GRC,TRADEGOODSERV,IMP,MLN_USD,A,2020,73217.56,P
GRC,TRADEGOODSERV,IMP,MLN_USD,A,2021,84980.719,P
HUN,TRADEGOODSERV,IMP,MLN_USD,A,2017,112025.704,
HUN,TRADEGOODSERV,IMP,MLN_USD,A,2018,119826.619,
HUN,TRADEGOODSERV,IMP,MLN_USD,A,2019,129661.185,
HUN,TRADEGOODSERV,IMP,MLN_USD,A,2020,125143.122,P
HUN,TRADEGOODSERV,IMP,MLN_USD,A,2021,135455.022,P
ISL,TRADEGOODSERV,IMP,MLN_USD,A,2017,9915.492,
ISL,TRADEGOODSERV,IMP,MLN_USD,A,2018,10001.838,
ISL,TRADEGOODSERV,IMP,MLN_USD,A,2019,9158.714,
ISL,TRADEGOODSERV,IMP,MLN_USD,A,2020,7101.205,
IRL,TRADEGOODSERV,IMP,MLN_USD,A,2017,327117.263,
IRL,TRADEGOODSERV,IMP,MLN_USD,A,2018,337972.125,
IRL,TRADEGOODSERV,IMP,MLN_USD,A,2019,478750.735,
IRL,TRADEGOODSERV,IMP,MLN_USD,A,2020,443116.263,
IRL,TRADEGOODSERV,IMP,MLN_USD,A,2021,426799.574,
ITA,TRADEGOODSERV,IMP,MLN_USD,A,2017,540728.43,
ITA,TRADEGOODSERV,IMP,MLN_USD,A,2018,559319.539,
ITA,TRADEGOODSERV,IMP,MLN_USD,A,2019,555404.29,
ITA,TRADEGOODSERV,IMP,MLN_USD,A,2020,488141.069,
ITA,TRADEGOODSERV,IMP,MLN_USD,A,2021,559046.71,
JPN,TRADEGOODSERV,IMP,MLN_USD,A,2017,816405.431,
JPN,TRADEGOODSERV,IMP,MLN_USD,A,2018,847539.558,
JPN,TRADEGOODSERV,IMP,MLN_USD,A,2019,855915.849,
JPN,TRADEGOODSERV,IMP,MLN_USD,A,2020,794593.533,
KOR,TRADEGOODSERV,IMP,MLN_USD,A,2017,606647.229,
KOR,TRADEGOODSERV,IMP,MLN_USD,A,2018,617038.381,
KOR,TRADEGOODSERV,IMP,MLN_USD,A,2019,605256.896,
KOR,TRADEGOODSERV,IMP,MLN_USD,A,2020,585104.326,P
LUX,TRADEGOODSERV,IMP,MLN_USD,A,2017,100030.419,
LUX,TRADEGOODSERV,IMP,MLN_USD,A,2018,103254.778,
LUX,TRADEGOODSERV,IMP,MLN_USD,A,2019,110334.839,
LUX,TRADEGOODSERV,IMP,MLN_USD,A,2020,112084.522,
LUX,TRADEGOODSERV,IMP,MLN_USD,A,2021,123789.743,
MEX,TRADEGOODSERV,IMP,MLN_USD,A,2017,468741.679,
MEX,TRADEGOODSERV,IMP,MLN_USD,A,2018,498881.102,
MEX,TRADEGOODSERV,IMP,MLN_USD,A,2019,495248.297,P
MEX,TRADEGOODSERV,IMP,MLN_USD,A,2020,427226.091,P
NLD,TRADEGOODSERV,IMP,MLN_USD,A,2017,598921.272,
NLD,TRADEGOODSERV,IMP,MLN_USD,A,2018,627209.465,
NLD,TRADEGOODSERV,IMP,MLN_USD,A,2019,647488.252,
NLD,TRADEGOODSERV,IMP,MLN_USD,A,2020,611661.516,P
NLD,TRADEGOODSERV,IMP,MLN_USD,A,2021,644572.235,P
NZL,TRADEGOODSERV,IMP,MLN_USD,A,2017,54153.209,
NZL,TRADEGOODSERV,IMP,MLN_USD,A,2018,56286.214,P
NZL,TRADEGOODSERV,IMP,MLN_USD,A,2019,56869.013,E
NZL,TRADEGOODSERV,IMP,MLN_USD,A,2020,47821.566,E
NOR,TRADEGOODSERV,IMP,MLN_USD,A,2017,129368.854,
NOR,TRADEGOODSERV,IMP,MLN_USD,A,2018,131175.736,
NOR,TRADEGOODSERV,IMP,MLN_USD,A,2019,137869.918,
NOR,TRADEGOODSERV,IMP,MLN_USD,A,2020,121414.157,
NOR,TRADEGOODSERV,IMP,MLN_USD,A,2021,123854.459,
POL,TRADEGOODSERV,IMP,MLN_USD,A,2017,263204.404,
POL,TRADEGOODSERV,IMP,MLN_USD,A,2018,282812.575,
POL,TRADEGOODSERV,IMP,MLN_USD,A,2019,291431.224,
POL,TRADEGOODSERV,IMP,MLN_USD,A,2020,288072.423,
POL,TRADEGOODSERV,IMP,MLN_USD,A,2021,338337.18,
PRT,TRADEGOODSERV,IMP,MLN_USD,A,2017,90260.092,
PRT,TRADEGOODSERV,IMP,MLN_USD,A,2018,94745.047,
PRT,TRADEGOODSERV,IMP,MLN_USD,A,2019,99427.911,
PRT,TRADEGOODSERV,IMP,MLN_USD,A,2020,87368.562,P
PRT,TRADEGOODSERV,IMP,MLN_USD,A,2021,98620.306,P
SVK,TRADEGOODSERV,IMP,MLN_USD,A,2017,85827.851,
SVK,TRADEGOODSERV,IMP,MLN_USD,A,2018,89987.004,
SVK,TRADEGOODSERV,IMP,MLN_USD,A,2019,91867.742,
SVK,TRADEGOODSERV,IMP,MLN_USD,A,2020,84295.403,
SVK,TRADEGOODSERV,IMP,MLN_USD,A,2021,93775.476,
ESP,TRADEGOODSERV,IMP,MLN_USD,A,2017,400858.131,
ESP,TRADEGOODSERV,IMP,MLN_USD,A,2018,416572.162,
ESP,TRADEGOODSERV,IMP,MLN_USD,A,2019,421568.299,P
ESP,TRADEGOODSERV,IMP,MLN_USD,A,2020,357511.682,P
ESP,TRADEGOODSERV,IMP,MLN_USD,A,2021,403362.302,P
SWE,TRADEGOODSERV,IMP,MLN_USD,A,2017,220816.141,
SWE,TRADEGOODSERV,IMP,MLN_USD,A,2018,229259.809,
SWE,TRADEGOODSERV,IMP,MLN_USD,A,2019,234140.873,
SWE,TRADEGOODSERV,IMP,MLN_USD,A,2020,221105.773,
SWE,TRADEGOODSERV,IMP,MLN_USD,A,2021,241984.294,
CHE,TRADEGOODSERV,IMP,MLN_USD,A,2017,371795.689,
CHE,TRADEGOODSERV,IMP,MLN_USD,A,2018,374265.96,
CHE,TRADEGOODSERV,IMP,MLN_USD,A,2019,373433.177,
CHE,TRADEGOODSERV,IMP,MLN_USD,A,2020,356490.079,
CHE,TRADEGOODSERV,IMP,MLN_USD,A,2021,375283.291,
TUR,TRADEGOODSERV,IMP,MLN_USD,A,2017,261557.876,
TUR,TRADEGOODSERV,IMP,MLN_USD,A,2018,245388.543,
TUR,TRADEGOODSERV,IMP,MLN_USD,A,2019,232176.372,
TUR,TRADEGOODSERV,IMP,MLN_USD,A,2020,249788.62,
TUR,TRADEGOODSERV,IMP,MLN_USD,A,2021,254750.962,P
GBR,TRADEGOODSERV,IMP,MLN_USD,A,2017,905178.218,
GBR,TRADEGOODSERV,IMP,MLN_USD,A,2018,932984.976,
GBR,TRADEGOODSERV,IMP,MLN_USD,A,2019,960288.873,
GBR,TRADEGOODSERV,IMP,MLN_USD,A,2020,807359.038,
GBR,TRADEGOODSERV,IMP,MLN_USD,A,2021,831461.696,
USA,TRADEGOODSERV,IMP,MLN_USD,A,2017,2961418.363,
USA,TRADEGOODSERV,IMP,MLN_USD,A,2018,3082815.491,
USA,TRADEGOODSERV,IMP,MLN_USD,A,2019,3118289.018,
USA,TRADEGOODSERV,IMP,MLN_USD,A,2020,2839772.436,
ARG,TRADEGOODSERV,IMP,MLN_USD,A,2017,92927.185,
ARG,TRADEGOODSERV,IMP,MLN_USD,A,2018,88724.367,
ARG,TRADEGOODSERV,IMP,MLN_USD,A,2019,71867.491,
ARG,TRADEGOODSERV,IMP,MLN_USD,A,2020,58833.229,
BRA,TRADEGOODSERV,IMP,MLN_USD,A,2017,242329.478,
BRA,TRADEGOODSERV,IMP,MLN_USD,A,2018,261092.514,
BRA,TRADEGOODSERV,IMP,MLN_USD,A,2019,264571.744,
CHL,TRADEGOODSERV,IMP,MLN_USD,A,2017,76142.957,
CHL,TRADEGOODSERV,IMP,MLN_USD,A,2018,82306.89,
CHL,TRADEGOODSERV,IMP,MLN_USD,A,2019,80336.437,
CHL,TRADEGOODSERV,IMP,MLN_USD,A,2020,70135.024,
COL,TRADEGOODSERV,IMP,MLN_USD,A,2017,64946.294,
COL,TRADEGOODSERV,IMP,MLN_USD,A,2018,68716.698,
COL,TRADEGOODSERV,IMP,MLN_USD,A,2019,73763.234,P
COL,TRADEGOODSERV,IMP,MLN_USD,A,2020,61003.198,E
EST,TRADEGOODSERV,IMP,MLN_USD,A,2017,18633.375,
EST,TRADEGOODSERV,IMP,MLN_USD,A,2018,19693.361,
EST,TRADEGOODSERV,IMP,MLN_USD,A,2019,20441.679,
EST,TRADEGOODSERV,IMP,MLN_USD,A,2020,20616.752,
EST,TRADEGOODSERV,IMP,MLN_USD,A,2021,24869.495,
IDN,TRADEGOODSERV,IMP,MLN_USD,A,2017,188645.33,
IDN,TRADEGOODSERV,IMP,MLN_USD,A,2018,211539.357,
IDN,TRADEGOODSERV,IMP,MLN_USD,A,2019,196463.073,
IDN,TRADEGOODSERV,IMP,MLN_USD,A,2020,163619.521,P
IDN,TRADEGOODSERV,IMP,MLN_USD,A,2021,201754.026,P
ISR,TRADEGOODSERV,IMP,MLN_USD,A,2017,97696.482,
ISR,TRADEGOODSERV,IMP,MLN_USD,A,2018,104342.744,
ISR,TRADEGOODSERV,IMP,MLN_USD,A,2019,107866.67,
ISR,TRADEGOODSERV,IMP,MLN_USD,A,2020,97661.231,
ISR,TRADEGOODSERV,IMP,MLN_USD,A,2021,115976.111,
LVA,TRADEGOODSERV,IMP,MLN_USD,A,2017,18995.431,
LVA,TRADEGOODSERV,IMP,MLN_USD,A,2018,20217.655,
LVA,TRADEGOODSERV,IMP,MLN_USD,A,2019,20826.348,
LVA,TRADEGOODSERV,IMP,MLN_USD,A,2020,20312.991,
LVA,TRADEGOODSERV,IMP,MLN_USD,A,2021,23047.607,
LTU,TRADEGOODSERV,IMP,MLN_USD,A,2017,33431.09,
LTU,TRADEGOODSERV,IMP,MLN_USD,A,2018,35443.321,
LTU,TRADEGOODSERV,IMP,MLN_USD,A,2019,37589.929,
LTU,TRADEGOODSERV,IMP,MLN_USD,A,2020,35943.421,
LTU,TRADEGOODSERV,IMP,MLN_USD,A,2021,42052.784,
RUS,TRADEGOODSERV,IMP,MLN_USD,A,2017,318273.903,
RUS,TRADEGOODSERV,IMP,MLN_USD,A,2018,326730.797,
RUS,TRADEGOODSERV,IMP,MLN_USD,A,2019,337879.61,
SVN,TRADEGOODSERV,IMP,MLN_USD,A,2017,35063.24,
SVN,TRADEGOODSERV,IMP,MLN_USD,A,2018,37548.083,
SVN,TRADEGOODSERV,IMP,MLN_USD,A,2019,39301.897,
SVN,TRADEGOODSERV,IMP,MLN_USD,A,2020,35537.282,
SVN,TRADEGOODSERV,IMP,MLN_USD,A,2021,41708.809,
ZAF,TRADEGOODSERV,IMP,MLN_USD,A,2017,96948.013,
ZAF,TRADEGOODSERV,IMP,MLN_USD,A,2018,100143.762,
ZAF,TRADEGOODSERV,IMP,MLN_USD,A,2019,99656.7,
ZAF,TRADEGOODSERV,IMP,MLN_USD,A,2020,83099.044,
OECD,TRADEGOODSERV,IMP,MLN_USD,A,2017,13899177.02,
OECD,TRADEGOODSERV,IMP,MLN_USD,A,2018,14400771.9,E
OECD,TRADEGOODSERV,IMP,MLN_USD,A,2019,14731107.68,E
OECD,TRADEGOODSERV,IMP,MLN_USD,A,2020,13462676.81,E
OECDE,TRADEGOODSERV,IMP,MLN_USD,A,2017,7873485.014,
OECDE,TRADEGOODSERV,IMP,MLN_USD,A,2018,8144294.072,P
OECDE,TRADEGOODSERV,IMP,MLN_USD,A,2019,8455632.216,P
OECDE,TRADEGOODSERV,IMP,MLN_USD,A,2020,7729636.199,P
EA19,TRADEGOODSERV,IMP,MLN_USD,A,2017,5322641.803,
EA19,TRADEGOODSERV,IMP,MLN_USD,A,2018,5524291.874,
EA19,TRADEGOODSERV,IMP,MLN_USD,A,2019,5785411.236,
EA19,TRADEGOODSERV,IMP,MLN_USD,A,2020,5265508.727,
EA19,TRADEGOODSERV,IMP,MLN_USD,A,2021,5723603.95,
CRI,TRADEGOODSERV,EXP,MLN_USD,A,2017,19812.845,
CRI,TRADEGOODSERV,EXP,MLN_USD,A,2018,20744.864,E
CRI,TRADEGOODSERV,EXP,MLN_USD,A,2019,21364.242,E
CRI,TRADEGOODSERV,EXP,MLN_USD,A,2020,19338.741,E
CRI,TRADEGOODSERV,IMP,MLN_USD,A,2017,19860.074,
CRI,TRADEGOODSERV,IMP,MLN_USD,A,2018,19900.481,E
CRI,TRADEGOODSERV,IMP,MLN_USD,A,2019,19802.5,E
CRI,TRADEGOODSERV,IMP,MLN_USD,A,2020,18239,E
BGR,TRADEGOODSERV,EXP,MLN_USD,A,2017,37214.929,
BGR,TRADEGOODSERV,EXP,MLN_USD,A,2018,37861.234,
BGR,TRADEGOODSERV,EXP,MLN_USD,A,2019,39366.023,
BGR,TRADEGOODSERV,EXP,MLN_USD,A,2020,34615.731,
BGR,TRADEGOODSERV,EXP,MLN_USD,A,2021,38041.974,P
BGR,TRADEGOODSERV,IMP,MLN_USD,A,2017,36058.365,
BGR,TRADEGOODSERV,IMP,MLN_USD,A,2018,38136.362,
BGR,TRADEGOODSERV,IMP,MLN_USD,A,2019,40127.087,
BGR,TRADEGOODSERV,IMP,MLN_USD,A,2020,37962.734,
BGR,TRADEGOODSERV,IMP,MLN_USD,A,2021,42576.038,P
HRV,TRADEGOODSERV,EXP,MLN_USD,A,2017,26281.47,
HRV,TRADEGOODSERV,EXP,MLN_USD,A,2018,27255.864,
HRV,TRADEGOODSERV,EXP,MLN_USD,A,2019,29120.831,
HRV,TRADEGOODSERV,EXP,MLN_USD,A,2020,22502.966,P
HRV,TRADEGOODSERV,EXP,MLN_USD,A,2021,29997.883,P
HRV,TRADEGOODSERV,IMP,MLN_USD,A,2017,26396.014,
HRV,TRADEGOODSERV,IMP,MLN_USD,A,2018,28376.042,
HRV,TRADEGOODSERV,IMP,MLN_USD,A,2019,30228.705,
HRV,TRADEGOODSERV,IMP,MLN_USD,A,2020,26522.458,P
HRV,TRADEGOODSERV,IMP,MLN_USD,A,2021,30422.784,P
CYP,TRADEGOODSERV,EXP,MLN_USD,A,2017,16555.601,
CYP,TRADEGOODSERV,EXP,MLN_USD,A,2018,17759.306,
CYP,TRADEGOODSERV,EXP,MLN_USD,A,2019,19088.466,
CYP,TRADEGOODSERV,EXP,MLN_USD,A,2020,18113.733,P
CYP,TRADEGOODSERV,IMP,MLN_USD,A,2017,16861.828,
CYP,TRADEGOODSERV,IMP,MLN_USD,A,2018,17590.817,
CYP,TRADEGOODSERV,IMP,MLN_USD,A,2019,19057.582,
CYP,TRADEGOODSERV,IMP,MLN_USD,A,2020,18572.04,P
MLT,TRADEGOODSERV,EXP,MLN_USD,A,2017,19312.151,
MLT,TRADEGOODSERV,EXP,MLN_USD,A,2018,19291.59,
MLT,TRADEGOODSERV,EXP,MLN_USD,A,2019,20402.72,
MLT,TRADEGOODSERV,EXP,MLN_USD,A,2020,19116.621,
MLT,TRADEGOODSERV,IMP,MLN_USD,A,2017,17203.206,
MLT,TRADEGOODSERV,IMP,MLN_USD,A,2018,17280.495,
MLT,TRADEGOODSERV,IMP,MLN_USD,A,2019,18457.012,
MLT,TRADEGOODSERV,IMP,MLN_USD,A,2020,17954.423,
ROU,TRADEGOODSERV,EXP,MLN_USD,A,2017,92217.379,
ROU,TRADEGOODSERV,EXP,MLN_USD,A,2018,97123.431,
ROU,TRADEGOODSERV,EXP,MLN_USD,A,2019,102327.575,
ROU,TRADEGOODSERV,EXP,MLN_USD,A,2020,92704.013,P
ROU,TRADEGOODSERV,EXP,MLN_USD,A,2021,102973.748,P
ROU,TRADEGOODSERV,IMP,MLN_USD,A,2017,97489.636,
ROU,TRADEGOODSERV,IMP,MLN_USD,A,2018,105898.673,
ROU,TRADEGOODSERV,IMP,MLN_USD,A,2019,114954.362,
ROU,TRADEGOODSERV,IMP,MLN_USD,A,2020,108984.384,P
ROU,TRADEGOODSERV,IMP,MLN_USD,A,2021,123883.18,P
MKD,TRADEGOODSERV,EXP,MLN_USD,A,2017,6052.315,
MKD,TRADEGOODSERV,EXP,MLN_USD,A,2018,7078.178,P
MKD,TRADEGOODSERV,IMP,MLN_USD,A,2017,7949.964,
MKD,TRADEGOODSERV,IMP,MLN_USD,A,2018,8974.171,P
IND,TRADEGOODSERV,EXP,MLN_USD,A,2017,466924.764,
IND,TRADEGOODSERV,EXP,MLN_USD,A,2018,524574.4,
IND,TRADEGOODSERV,EXP,MLN_USD,A,2019,507233.54,
IND,TRADEGOODSERV,IMP,MLN_USD,A,2017,581746.44,
IND,TRADEGOODSERV,IMP,MLN_USD,A,2018,631817.221,
IND,TRADEGOODSERV,IMP,MLN_USD,A,2019,626893.158,
CHN,TRADEGOODSERV,EXP,MLN_USD,A,2017,645894.968,
CHN,TRADEGOODSERV,EXP,MLN_USD,A,2018,669497.006,
CHN,TRADEGOODSERV,EXP,MLN_USD,A,2019,628331.779,
CHN,TRADEGOODSERV,EXP,MLN_USD,A,2020,590978.906,
CHN,TRADEGOODSERV,IMP,MLN_USD,A,2017,643824.512,
CHN,TRADEGOODSERV,IMP,MLN_USD,A,2018,672710.214,
CHN,TRADEGOODSERV,IMP,MLN_USD,A,2019,623974.357,
CHN,TRADEGOODSERV,IMP,MLN_USD,A,2020,585538.221,
MDG,TRADEGOODSERV,EXP,MLN_USD,A,2017,4628.202,
MDG,TRADEGOODSERV,EXP,MLN_USD,A,2018,4741.561,
MDG,TRADEGOODSERV,EXP,MLN_USD,A,2019,5258.969,
MDG,TRADEGOODSERV,EXP,MLN_USD,A,2020,3332.307,
MDG,TRADEGOODSERV,IMP,MLN_USD,A,2017,4819.931,
MDG,TRADEGOODSERV,IMP,MLN_USD,A,2018,5356.776,
MDG,TRADEGOODSERV,IMP,MLN_USD,A,2019,5600.593,
MDG,TRADEGOODSERV,IMP,MLN_USD,A,2020,4671.652,
MAR,TRADEGOODSERV,EXP,MLN_USD,A,2017,41438.352,
MAR,TRADEGOODSERV,EXP,MLN_USD,A,2018,43942.418,
MAR,TRADEGOODSERV,EXP,MLN_USD,A,2019,46679.452,
MAR,TRADEGOODSERV,EXP,MLN_USD,A,2020,39994.966,
MAR,TRADEGOODSERV,IMP,MLN_USD,A,2017,52985.262,
MAR,TRADEGOODSERV,IMP,MLN_USD,A,2018,56916.51,
MAR,TRADEGOODSERV,IMP,MLN_USD,A,2019,58828.947,
MAR,TRADEGOODSERV,IMP,MLN_USD,A,2020,51669.044,
SGP,TRADEGOODSERV,EXP,MLN_USD,A,2017,587795.319,
SGP,TRADEGOODSERV,EXP,MLN_USD,A,2018,633139.272,
SGP,TRADEGOODSERV,EXP,MLN_USD,A,2019,634088.848,
SGP,TRADEGOODSERV,EXP,MLN_USD,A,2020,606694.452,
SGP,TRADEGOODSERV,IMP,MLN_USD,A,2017,501740.512,
SGP,TRADEGOODSERV,IMP,MLN_USD,A,2018,539229.211,
SGP,TRADEGOODSERV,IMP,MLN_USD,A,2019,540364.555,
SGP,TRADEGOODSERV,IMP,MLN_USD,A,2020,502129.289,
EU27_2020,TRADEGOODSERV,EXP,MLN_USD,A,2017,6990468.973,
EU27_2020,TRADEGOODSERV,EXP,MLN_USD,A,2018,7256511.865,
EU27_2020,TRADEGOODSERV,EXP,MLN_USD,A,2019,7475253.774,
EU27_2020,TRADEGOODSERV,EXP,MLN_USD,A,2020,6844191.944,
EU27_2020,TRADEGOODSERV,EXP,MLN_USD,A,2021,7573316.557,
EU27_2020,TRADEGOODSERV,IMP,MLN_USD,A,2017,6390594.646,
EU27_2020,TRADEGOODSERV,IMP,MLN_USD,A,2018,6657199.376,
EU27_2020,TRADEGOODSERV,IMP,MLN_USD,A,2019,6961905.019,
EU27_2020,TRADEGOODSERV,IMP,MLN_USD,A,2020,6390357.996,
EU27_2020,TRADEGOODSERV,IMP,MLN_USD,A,2021,6983414.573,
SAU,TRADEGOODSERV,EXP,MLN_USD,A,2017,228201.003,
SAU,TRADEGOODSERV,EXP,MLN_USD,A,2018,244539.601,
SAU,TRADEGOODSERV,EXP,MLN_USD,A,2019,232320.286,
SAU,TRADEGOODSERV,EXP,MLN_USD,A,2020,207271.889,
SAU,TRADEGOODSERV,IMP,MLN_USD,A,2017,202930.876,
SAU,TRADEGOODSERV,IMP,MLN_USD,A,2018,208236.389,
SAU,TRADEGOODSERV,IMP,MLN_USD,A,2019,228187.295,
SAU,TRADEGOODSERV,IMP,MLN_USD,A,2020,170786.432,
SRB,TRADEGOODSERV,EXP,MLN_USD,A,2017,21718.228,
SRB,TRADEGOODSERV,EXP,MLN_USD,A,2018,23347.487,
SRB,TRADEGOODSERV,EXP,MLN_USD,A,2019,25137.796,
SRB,TRADEGOODSERV,EXP,MLN_USD,A,2020,24076.318,
SRB,TRADEGOODSERV,IMP,MLN_USD,A,2017,24620.341,
SRB,TRADEGOODSERV,IMP,MLN_USD,A,2018,27276.789,
SRB,TRADEGOODSERV,IMP,MLN_USD,A,2019,30186.204,
SRB,TRADEGOODSERV,IMP,MLN_USD,A,2020,29095.33,
ALB,TRADEGOODSERV,EXP,MLN_USD,A,2017,3914.837,
ALB,TRADEGOODSERV,EXP,MLN_USD,A,2018,4072.439,
ALB,TRADEGOODSERV,EXP,MLN_USD,A,2019,4179.78,P
ALB,TRADEGOODSERV,EXP,MLN_USD,A,2020,3110.722,E
ALB,TRADEGOODSERV,IMP,MLN_USD,A,2017,5874.926,
ALB,TRADEGOODSERV,IMP,MLN_USD,A,2018,6015.746,
ALB,TRADEGOODSERV,IMP,MLN_USD,A,2019,6153.485,P
ALB,TRADEGOODSERV,IMP,MLN_USD,A,2020,4929.178,E
GEO,TRADEGOODSERV,EXP,MLN_USD,A,2017,7418.599,
GEO,TRADEGOODSERV,EXP,MLN_USD,A,2018,8164.649,
GEO,TRADEGOODSERV,EXP,MLN_USD,A,2019,8962.879,
GEO,TRADEGOODSERV,EXP,MLN_USD,A,2020,5590.934,
GEO,TRADEGOODSERV,IMP,MLN_USD,A,2017,9582.405,
GEO,TRADEGOODSERV,IMP,MLN_USD,A,2018,10566.03,
GEO,TRADEGOODSERV,IMP,MLN_USD,A,2019,11266.139,
GEO,TRADEGOODSERV,IMP,MLN_USD,A,2020,9396.771,